<?xml version="1.0" encoding="UTF-8"?>
<!DOCTYPE fontscolors PUBLIC "-//NetBeans//DTD Editor Fonts and Colors settings 1.1//EN" "http://www.netbeans.org/dtds/EditorFontsColors-1_1.dtd">
<fontscolors>
    <fontcolor name="mod-abstract"/>
    <fontcolor default="string" name="string"/>
    <fontcolor default="comment" foreColor="ff4caf50" name="javadoc-identifier"/>
    <fontcolor name="mod-public"/>
    <fontcolor default="identifier" foreColor="ff8bc34a" name="mod-class">
        <font style="bold"/>
    </fontcolor>
    <fontcolor name="mod-unused" waveUnderlined="ff999999"/>
    <fontcolor default="identifier" name="mod-interface-declaration">
        <font style="bold+italic"/>
    </fontcolor>
    <fontcolor default="method" name="mod-method-declaration">
        <font style="bold"/>
    </fontcolor>
    <fontcolor default="operator" name="operator"/>
    <fontcolor default="keyword" name="keyword-directive"/>
    <fontcolor default="keyword" foreColor="ffff5722" name="literal"/>
    <fontcolor default="number" name="number"/>
    <fontcolor default="char" name="character"/>
    <fontcolor default="identifier" foreColor="ffeeeeee" name="mod-parameter"/>
    <fontcolor name="mod-deprecated" strikeThrough="ffeeeeee"/>
    <fontcolor default="identifier" foreColor="ffff9e80" name="mod-annotation-type"/>
    <fontcolor default="comment" foreColor="ff4caf50" name="javadoc-first-sentence">
        <font style="bold"/>
    </fontcolor>
    <fontcolor default="string" foreColor="ff607d8b" name="string-escape">
        <font style="bold"/>
    </fontcolor>
    <fontcolor default="string" foreColor="ffb71c1c" name="string-escape-invalid" waveUnderlined="ffb71c1c">
        <font style="bold"/>
    </fontcolor>
    <fontcolor default="keyword" name="keyword"/>
    <fontcolor default="identifier" foreColor="ffeeeeee" name="mod-local-variable"/>
    <fontcolor default="identifier" name="identifier"/>
    <fontcolor default="field" name="mod-field"/>
    <fontcolor default="comment" foreColor="ff00e676" name="javadoc-tag">
        <font style="bold"/>
    </fontcolor>
    <fontcolor default="method" name="mod-method"/>
    <fontcolor default="identifier" foreColor="ffff8a65" name="mod-annotation-type-declaration">
        <font style="bold"/>
    </fontcolor>
    <fontcolor default="identifier" name="mod-interface">
        <font style="bold+italic"/>
    </fontcolor>
    <fontcolor name="mod-protected"/>
    <fontcolor default="character" foreColor="ffb71c1c" name="character-escape-invalid" waveUnderlined="ffb71c1c">
        <font style="italic"/>
    </fontcolor>
    <fontcolor default="identifier" name="mod-constructor-declaration">
        <font style="bold"/>
    </fontcolor>
    <fontcolor default="comment" foreColor="ff607d8b" name="html-tag">
        <font style="bold"/>
    </fontcolor>
    <fontcolor default="separator" name="separator"/>
    <fontcolor default="identifier" foreColor="ff7e57c2" name="mod-enum"/>
    <fontcolor default="identifier" foreColor="ffeeeeee" name="mod-local-variable-declaration"/>
    <fontcolor default="identifier" foreColor="ffeeeeee" name="mod-parameter-declaration"/>
    <fontcolor name="mod-private"/>
    <fontcolor default="identifier" foreColor="ff7e57c2" name="mod-enum-declaration">
        <font style="bold"/>
    </fontcolor>
    <fontcolor name="mod-static">
        <font style="italic"/>
    </fontcolor>
    <fontcolor default="character" foreColor="ff607d8b" name="character-escape">
        <font style="bold"/>
    </fontcolor>
    <fontcolor default="identifier" foreColor="ff8bc34a" name="mod-class-declaration">
        <font style="bold"/>
    </fontcolor>
    <fontcolor name="mod-package-private"/>
    <fontcolor default="comment" name="comment"/>
    <fontcolor default="whitespace" foreColor="ff37474f" name="whitespace"/>
    <fontcolor default="identifier" name="mod-constructor"/>
    <fontcolor default="field" name="mod-field-declaration"/>
</fontscolors>
