<?xml version="1.0" encoding="UTF-8"?>
<!DOCTYPE fontscolors PUBLIC "-//NetBeans//DTD Editor Fonts and Colors settings 1.1//EN" "http://www.netbeans.org/dtds/EditorFontsColors-1_1.dtd">
<fontscolors>
    <fontcolor bgColor="ff3e2723" name="mark-occurrences" underline="ff90a4ae"/>
    <fontcolor foreColor="ff4caf50" name="identifier"/>
    <fontcolor default="field" foreColor="ff607d8b" name="markup-attribute"/>
    <fontcolor default="identifier" foreColor="ff26a69a" name="method"/>
    <fontcolor foreColor="fff4511e" name="string"/>
    <fontcolor default="keyword" name="markup-element"/>
    <fontcolor default="string" name="markup-attribute-value"/>
    <fontcolor bgColor="ffb71c1c" name="error" waveUnderlined="red"/>
    <fontcolor default="default" foreColor="ffff5722" name="entity-reference">
        <font style="bold"/>
    </fontcolor>
    <fontcolor name="separator"/>
    <fontcolor name="operator"/>
    <fontcolor foreColor="ff5c6bc0" name="url" underline="ff5c6bc0"/>
    <fontcolor foreColor="ffff7043" name="number"/>
    <fontcolor bgColor="ff161c20" foreColor="ffeeeeee" name="default">
        <font name="Monospaced" size="12"/>
    </fontcolor>
    <fontcolor default="identifier" name="field"/>
    <fontcolor foreColor="ffff5722" name="char"/>
    <fontcolor bgColor="ff806f00" name="warning" waveUnderlined="ffffeb3b"/>
    <fontcolor foreColor="ff757575" name="comment"/>
    <fontcolor foreColor="ff2196f3" name="keyword"/>
    <fontcolor foreColor="black" name="whitespace"/>
</fontscolors>
