<?xml version="1.0" encoding="UTF-8"?>
<!DOCTYPE fontscolors PUBLIC "-//NetBeans//DTD Editor Fonts and Colors settings 1.1//EN" "http://www.netbeans.org/dtds/EditorFontsColors-1_1.dtd">
<fontscolors>
    <fontcolor bgColor="fff3ff0f" name="nbeditor-bracesMatching-match"/>
    <fontcolor foreColor="ffffa8a8" name="text-limit-line-color"/>
    <fontcolor foreColor="ff666666" name="code-folding"/>
    <fontcolor foreColor="ffec407a" name="synchronized-text-blocks-ext"/>
    <fontcolor bgColor="ffd83636" name="nbeditor-bracesMatching-mismatch"/>
    <fontcolor bgColor="ff1a2226" name="highlight-caret-row"/>
    <fontcolor foreColor="ffefefef" name="caret-color-overwrite-mode" underline="white"/>
    <fontcolor name="status-bar"/>
    <fontcolor bgColor="ffdfdfdf" name="guarded"/>
    <fontcolor name="trailing-whitespace"/>
    <fontcolor bgColor="ffd83636" name="nbeditor-bracesMatching-mismatch-multichar"/>
    <fontcolor foreColor="ffcccccc" name="code-folding-border"/>
    <fontcolor foreColor="ff90a4ae" name="west-sidebars-color"/>
    <fontcolor foreColor="red" name="status-bar-bold"/>
    <fontcolor foreColor="ff6b8eb2" name="nbeditor-bracesMatching-sidebar"/>
    <fontcolor bgColor="ff11161a" foreColor="ff90a4ae" name="line-number"/>
    <fontcolor bgColor="ff201a16" name="readonly-files"/>
    <fontcolor bgColor="ff7f4c00" foreColor="black" name="highlight-search"/>
    <fontcolor foreColor="ff666666" name="code-folding-bar"/>
    <fontcolor foreColor="ff996600" name="synchronized-text-blocks-ext-slave"/>
    <fontcolor foreColor="ff37474f" name="indent-guide-lines"/>
    <fontcolor foreColor="ff37474f" name="indent-whitespace"/>
    <fontcolor bgColor="ff7f4c00" foreColor="black" name="block-search"/>
    <fontcolor bgColor="black" name="selection"/>
    <fontcolor bgColor="ff7f4c00" name="inc-search"/>
    <fontcolor bgColor="fff3ff0f" name="nbeditor-bracesMatching-match-multichar"/>
    <fontcolor foreColor="ffefefef" name="caret-color-insert-mode"/>
    <fontcolor foreColor="ff5c6bc0" name="hyperlinks" underline="ff5c6bc0"/>
</fontscolors>
